Judet,Barbati_18-24,Barbati_25-34,Barbati_35-44,Barbati_45-64,Barbati_65_,Femei_18-24,Femei_25-34,Femei_35-44,Femei_45-64,Femei_65_
ab,23.5,47.166666666666664,44.666666666666664,46.833333333333336,40.5,50.666666666666664,47.0,60.333333333333336,39.166666666666664,35.833333333333336
ag,60.0,21.333333333333332,14.333333333333334,49.0,43.333333333333336,59.0,50.666666666666664,30.0,48.666666666666664,61.333333333333336
sd,11.5,48.5,70.5,38.0,50.5,41.0,33.5,63.0,83.0,21.5
